{"epoch": 5, "_timestamp": 1700198777.8358107, "_runtime": 25.176235675811768, "_step": 24, "train_loss": 2.3047449880445847, "train_accuracy": 0.09920978927714057, "test_loss": 2.3076825342068283, "test_accuracy": 0.10016025641025642, "_wandb": {"runtime": 23}}