{"epoch": 7, "_timestamp": 1700185256.6210995, "_runtime": 39.45719838142395, "_step": 34, "train_loss": 5.550308430269444, "train_accuracy": 0.7331897702991453, "test_loss": 5.769646199923833, "test_accuracy": 0.7280241935483871}