{"epoch": 10, "_timestamp": 1700188489.43926, "_runtime": 19.922221899032593, "_step": 49, "train_loss": 2.507752425310962, "train_accuracy": 0.10005336179295625, "test_loss": 2.514570228108386, "test_accuracy": 0.10018086816720258, "_wandb": {"runtime": 18}}