{"epoch": 10, "_timestamp": 1700188625.760992, "_runtime": 9.568475008010864, "_step": 49, "train_loss": 18.801692999441126, "train_accuracy": 0.09375, "test_loss": 18.923690626307334, "test_accuracy": 0.09324596774193548, "_wandb": {"runtime": 8}}