{"epoch": 10, "_timestamp": 1700223850.8812873, "_runtime": 57.315797328948975, "_step": 49, "train_loss": 0.44582938434789604, "train_accuracy": 0.8471684898612594, "test_loss": 0.4769172657181409, "test_accuracy": 0.8351085209003215, "_wandb": {"runtime": 56}}