{"epoch": 5, "_timestamp": 1700217772.7461383, "_runtime": 17.463489294052124, "_step": 24, "train_loss": 2.310260972728182, "train_accuracy": 0.09732595358762336, "test_loss": 2.3108360671009556, "test_accuracy": 0.10016025641025642, "_wandb": {"runtime": 16}}