{"epoch": 10, "_timestamp": 1700208953.558291, "_runtime": 120.53867793083191, "_step": 49, "train_loss": 2.304748053948347, "train_accuracy": 0.09985996265670846, "test_loss": 2.306987140517473, "test_accuracy": 0.10016025641025642, "_wandb": {"runtime": 119}}