{"epoch": 10, "_timestamp": 1700191172.606273, "_runtime": 69.2748908996582, "_step": 49, "train_loss": 0.5425393309321451, "train_accuracy": 0.8155349519743863, "test_loss": 0.5687867436397441, "test_accuracy": 0.8083802250803859, "_wandb": {"runtime": 68}}