{"epoch": 5, "_timestamp": 1700199308.2010014, "_runtime": 9.186452388763428, "_step": 24, "train_loss": 2.513256653731696, "train_accuracy": 0.10002667377967459, "test_loss": 2.5166039238446607, "test_accuracy": 0.10016025641025642, "_wandb": {"runtime": 8}}