{"epoch": 10, "_timestamp": 1700219497.0812666, "_runtime": 43.19301652908325, "_step": 49, "train_loss": 0.4448651948797178, "train_accuracy": 0.8390257745726496, "test_loss": 0.5253722921833915, "test_accuracy": 0.8185483870967742, "_wandb": {"runtime": 42}}