{"epoch": 10, "_timestamp": 1700192187.698573, "_runtime": 119.86144399642944, "_step": 49, "train_loss": 0.5123110777143197, "train_accuracy": 0.8303881034942652, "test_loss": 0.5533836419434597, "test_accuracy": 0.8152043269230769, "_wandb": {"runtime": 118}}