{"epoch": 5, "_timestamp": 1700217094.2263947, "_runtime": 57.98685169219971, "_step": 24, "train_loss": 0.4006225524838197, "train_accuracy": 0.8542944785276073, "test_loss": 0.45179149693546433, "test_accuracy": 0.8393429487179487, "_wandb": {"runtime": 56}}