{"epoch": 10, "_timestamp": 1700184517.5139558, "_runtime": 54.844095945358276, "_step": 49, "train_loss": 2.305569855512259, "train_accuracy": 0.09957598824786325, "test_loss": 2.317709781983428, "test_accuracy": 0.10080645161290322, "_wandb": {"runtime": 54}}