{"epoch": 10, "_timestamp": 1700222861.132336, "_runtime": 59.27854084968567, "_step": 49, "train_loss": 0.36477817347261043, "train_accuracy": 0.8678461846318036, "test_loss": 0.3958836863090275, "test_accuracy": 0.8635450160771704, "_wandb": {"runtime": 58}}