{"epoch": 5, "_timestamp": 1700188461.964927, "_runtime": 24.651442050933838, "_step": 24, "train_loss": 1.220440582440001, "train_accuracy": 0.537643563034188, "test_loss": 1.169488860298894, "test_accuracy": 0.5514112903225806, "_wandb": {"runtime": 23}}