{"epoch": 5, "_timestamp": 1700188232.3412077, "_runtime": 15.109434843063354, "_step": 24, "train_loss": 2.304024628238047, "train_accuracy": 0.09801894343649947, "test_loss": 2.310015924415857, "test_accuracy": 0.10018086816720258, "_wandb": {"runtime": 14}}