{"epoch": 5, "_timestamp": 1700199365.3910477, "_runtime": 23.45781970024109, "_step": 24, "train_loss": 2.304623164614576, "train_accuracy": 0.09810949586556415, "test_loss": 2.3076665480910408, "test_accuracy": 0.10016025641025642, "_wandb": {"runtime": 22}}