{"epoch": 10, "_timestamp": 1700224689.1038232, "_runtime": 43.616560220718384, "_step": 49, "train_loss": 0.4180628634587585, "train_accuracy": 0.8481069711538461, "test_loss": 0.4757434486649433, "test_accuracy": 0.8337701612903226, "_wandb": {"runtime": 42}}