{"epoch": 10, "_timestamp": 1700214702.7198362, "_runtime": 47.51112914085388, "_step": 49, "train_loss": 2.307701423605202, "train_accuracy": 0.09815705128205128, "test_loss": 2.31866613929176, "test_accuracy": 0.10070564516129032, "_wandb": {"runtime": 46}}