{"epoch": 10, "_timestamp": 1700219968.1074145, "_runtime": 39.96378540992737, "_step": 49, "train_loss": 0.3214813031299369, "train_accuracy": 0.8828125, "test_loss": 0.38289200115710176, "test_accuracy": 0.8701612903225806, "_wandb": {"runtime": 39}}