{"epoch": 10, "_timestamp": 1700185146.3157227, "_runtime": 45.78041672706604, "_step": 49, "train_loss": 5.560581933674037, "train_accuracy": 0.7325721153846154, "test_loss": 5.557039738511062, "test_accuracy": 0.7382056451612903, "_wandb": {"runtime": 44}}