{"epoch": 10, "_timestamp": 1700188549.2849305, "_runtime": 49.877344369888306, "_step": 49, "train_loss": 2.3179651758801647, "train_accuracy": 0.09809282475326754, "test_loss": 2.3195358280072367, "test_accuracy": 0.10016025641025642, "_wandb": {"runtime": 49}}