{"epoch": 5, "_timestamp": 1700182979.0802522, "_runtime": 9.149034261703491, "_step": 24, "train_loss": 2.489277619442631, "train_accuracy": 0.10002667377967459, "test_loss": 2.492601974914976, "test_accuracy": 0.10016025641025642, "_wandb": {"runtime": 8}}