{"epoch": 10, "_timestamp": 1700191248.3653007, "_runtime": 59.58517360687256, "_step": 49, "train_loss": 0.3695058939807885, "train_accuracy": 0.867429295624333, "test_loss": 0.40995639463541833, "test_accuracy": 0.8550040192926045, "_wandb": {"runtime": 58}}