{"epoch": 10, "_timestamp": 1700188200.4545434, "_runtime": 51.32059025764465, "_step": 49, "train_loss": 2.3043573911890984, "train_accuracy": 0.09957655374766604, "test_loss": 2.3066420951140945, "test_accuracy": 0.10016025641025642, "_wandb": {"runtime": 48}}