{"epoch": 10, "_timestamp": 1700200890.0273066, "_runtime": 18.82753849029541, "_step": 49, "train_loss": 0.5048554160320027, "train_accuracy": 0.8195279113247863, "test_loss": 0.53618153457736, "test_accuracy": 0.8126008064516129, "_wandb": {"runtime": 18}}