{"epoch": 10, "_timestamp": 1700222345.693186, "_runtime": 114.0329840183258, "_step": 49, "train_loss": 0.4498463652114134, "train_accuracy": 0.8399073086156308, "test_loss": 0.5038255126217179, "test_accuracy": 0.8269230769230769, "_wandb": {"runtime": 113}}