{"epoch": 10, "_timestamp": 1700213466.6076722, "_runtime": 122.4893491268158, "_step": 49, "train_loss": 0.6253362543513322, "train_accuracy": 0.7678047479327821, "test_loss": 0.6509606259318969, "test_accuracy": 0.7734375, "_wandb": {"runtime": 121}}