{"epoch": 10, "_timestamp": 1700217513.744198, "_runtime": 56.69770812988281, "_step": 49, "train_loss": 0.3783426643536386, "train_accuracy": 0.8632937566702241, "test_loss": 0.4424800519662247, "test_accuracy": 0.8440514469453376, "_wandb": {"runtime": 55}}