{"epoch": 5, "_timestamp": 1700208426.6965892, "_runtime": 75.25306224822998, "_step": 24, "train_loss": 1.279427426570851, "train_accuracy": 0.572569351827154, "test_loss": 1.296353558000809, "test_accuracy": 0.5815304487179487, "_wandb": {"runtime": 74}}